{
	"format_version": "1.8.0",
	"animations": {
		"animation.ministrosity.idle": {
			"loop": true,
			"animation_length": 2.4,
			"bones": {
				"body": {
					"rotation": {
						"1.2": [0, 0, 0],
						"1.44": [0, 7.5, 0],
						"1.68": [0, 7.5, 0],
						"1.92": [0, -7.5, 0],
						"2.16": [0, -7.5, 0],
						"2.4": [0, 0, 0]
					},
					"position": {
						"0.0": [0, 0, 0],
						"0.24": [0, -1, 0],
						"0.48": [0, 0, 0],
						"0.72": [0, -1, 0],
						"0.96": [0, 0, 0],
						"1.2": [0, -1, 0],
						"1.44": [0, 0, 0],
						"1.68": [0, -1, 0],
						"1.92": [0, 0, 0],
						"2.16": [0, -1, 0],
						"2.4": [0, 0, 0]
					}
				},
				"head": {
					"rotation": {
						"0.0": [0, 0, 0],
						"0.24": [12.5, 0, 0],
						"0.48": [0, 0, 0],
						"0.72": [12.5, 0, 0],
						"0.96": [0, 0, 0],
						"1.2": [12.5, 0, 0],
						"1.44": [0, 0, 0],
						"1.68": [12.5, 0, 0],
						"1.92": [0, 0, 0],
						"2.16": [12.5, 0, 0],
						"2.4": [0, 0, 0]
					}
				},
				"leftarm": {
					"rotation": {
						"0.0": [0, 0, -32.5],
						"0.32": [0, 0, -17.5],
						"0.56": [0, 0, -32.5],
						"0.8": [0, 0, -17.5],
						"1.04": [0, 0, -32.5],
						"1.28": [0, 0, -17.5],
						"1.52": [0, 0, -32.5],
						"1.76": [0, 0, -17.5],
						"2.0": [0, 0, -32.5],
						"2.24": [0, 0, -17.5],
						"2.4": [0, 0, -32.5]
					}
				},
				"rightarm": {
					"rotation": {
						"0.0": [0, 0, 30],
						"0.32": [0, 0, 10],
						"0.56": [0, 0, 30],
						"0.8": [0, 0, 10],
						"1.04": [0, 0, 30],
						"1.28": [0, 0, 10],
						"1.52": [0, 0, 30],
						"1.76": [0, 0, 10],
						"2.0": [0, 0, 30],
						"2.24": [0, 0, 10],
						"2.4": [0, 0, 30]
					}
				}
			}
		},
		"animation.ministrosity.walk": {
			"loop": true,
			"animation_length": 0.4,
			"anim_time_update": "query.modified_move_speed",
			"bones": {
				"body": {
					"rotation": {
						"0.0": [-7.47178, 0.65182, 4.95744],
						"0.08": [0, 0, 0],
						"0.2": [-7.47178, -0.65182, -4.95744],
						"0.32": [0, 0, 0],
						"0.4": [-7.47178, 0.65182, 4.95744]
					},
					"position": {
						"0.0": [0, 0.5, 0],
						"0.08": [0, -0.5, 0],
						"0.2": [0, 0.5, 0],
						"0.28": [0, -0.5, 0],
						"0.4": [0, 0.5, 0]
					}
				},
				"leg1": {
					"rotation": {
						"0.0": [22.5, 0, 0],
						"0.2": [-22.5, 0, 0],
						"0.4": [22.5, 0, 0]
					},
					"position": {
						"0.0": [0, 0, 1],
						"0.2": [0, 1, -1],
						"0.28": [0, 0, -2],
						"0.4": [0, 0, 1]
					}
				},
				"leg2": {
					"rotation": {
						"0.0": [-22.5, 0, 0],
						"0.2": [22.5, 0, 0],
						"0.4": [-22.5, 0, 0]
					},
					"position": {
						"0.0": [0, 1, -1],
						"0.08": [0, 0, -2],
						"0.2": [0, 0, 1],
						"0.4": [0, 1, -1]
					}
				},
				"leftarm": {
					"rotation": {
						"0.0": [24.96207, 0.43399, -109.99067],
						"0.08": [24.55884, 4.6294, -119.07796],
						"0.2": [24.96, 0.43, -109.99],
						"0.28": [24.35308, 5.66194, -121.36249],
						"0.4": [24.96, 0.43, -109.99]
					},
					"position": [2, 0, 0]
				},
				"rightarm": {
					"rotation": {
						"0.0": [-22.32648, 2.86313, 111.93488],
						"0.08": [-21.80788, 5.68315, 118.90216],
						"0.2": [-22.33, 2.86, 111.93],
						"0.28": [-21.81022, 5.68155, 118.89911],
						"0.4": [-22.33, 2.86, 111.93]
					},
					"position": [-2, 0, 0]
				},
				"head": {
					"rotation": {
						"0.0": [-5, 0, 0],
						"0.12": [0, 0, 0],
						"0.2": [-5, 0, 0],
						"0.28": [0, 0, 0],
						"0.4": [-5, 0, 0]
					}
				}
			}
		},
		"animation.ministrosity.attack": {
			"animation_length": 0.66667,
			"bones": {
				"body": {
					"rotation": {
						"0.0": [0, 0, 0],
						"0.1667": [0, 15, 0],
						"0.3333": [10, 0, 0],
						"0.6667": [0, 0, 0]
					},
					"position": {
						"0.0": [0, 0, 0],
						"0.1667": [1, 0, 1],
						"0.3333": [0, -1, 0],
						"0.6667": [0, 0, 0]
					}
				},
				"head": {
					"rotation": {
						"0.0": [0, 0, 0],
						"0.1667": [-25, 0, 0],
						"0.3333": [22.5, 0, 0],
						"0.6667": [0, 0, 0]
					}
				},
				"rightarm": {
					"rotation": {
						"0.0": [0, 0, 0],
						"0.1667": [-35, 0, 30],
						"0.3333": [92.50238, 2.49762, 0.10912],
						"0.6667": [0, 0, 0]
					},
					"position": {
						"0.1667": [0, 0, 0],
						"0.3333": [-1, 0, -2],
						"0.6667": [0, 0, 0]
					}
				}
			}
		}
	}
}